,Unnamed: 0,First Name,Last Name,Gender,Country,Age,Date,Id
0,1,Dulce,Abril,Female,United States,32,15/10/2017,1562
1,2,Mara,Hashimoto,Female,Great Britain,25,16/08/2016,1582
2,3,Philip,Gent,Male,France,36,21/05/2015,2587
3,4,Kathleen,Hanner,Female,United States,25,15/10/2017,3549
4,5,Nereida,Magwood,Female,United States,58,16/08/2016,2468
5,6,Gaston,Brumm,Male,United States,24,21/05/2015,2554
6,7,Etta,Hurn,Female,Great Britain,56,15/10/2017,3598
7,8,Earlean,Melgar,Female,United States,27,16/08/2016,2456
8,9,Vincenza,Weiland,Female,United States,40,21/05/2015,6548
9,10,Fallon,Winward,Female,Great Britain,28,16/08/2016,5486
10,11,Arcelia,Bouska,Female,Great Britain,39,21/05/2015,1258
11,12,Franklyn,Unknow,Male,France,38,15/10/2017,2579
12,13,Sherron,Ascencio,Female,Great Britain,32,16/08/2016,3256
13,14,Marcel,Zabriskie,Male,Great Britain,26,21/05/2015,2587
14,15,Kina,Hazelton,Female,Great Britain,31,16/08/2016,3259
15,16,Shavonne,Pia,Female,France,24,21/05/2015,1546
16,17,Shavon,Benito,Female,France,39,15/10/2017,3579
17,18,Lauralee,Perrine,Female,Great Britain,28,16/08/2016,6597
18,19,Loreta,Curren,Female,France,26,21/05/2015,9654
19,20,Teresa,Strawn,Female,France,46,21/05/2015,3569
20,21,Belinda,Partain,Female,United States,37,15/10/2017,2564
21,22,Holly,Eudy,Female,United States,52,16/08/2016,8561
22,23,Many,Cuccia,Female,Great Britain,46,21/05/2015,5489
23,24,Libbie,Dalby,Female,France,42,21/05/2015,5489
24,25,Lester,Prothro,Male,France,21,15/10/2017,6574
25,26,Marvel,Hail,Female,Great Britain,28,16/08/2016,5555
26,27,Angelyn,Vong,Female,United States,29,21/05/2015,6125
27,28,Francesca,Beaudreau,Female,France,23,15/10/2017,5412
28,29,Garth,Gangi,Male,United States,41,16/08/2016,3256
29,30,Carla,Trumbull,Female,Great Britain,28,21/05/2015,3264
30,31,Veta,Muntz,Female,Great Britain,37,15/10/2017,4569
31,32,Stasia,Becker,Female,Great Britain,34,16/08/2016,7521
32,33,Jona,Grindle,Female,Great Britain,26,21/05/2015,6458
33,34,Judie,Claywell,Female,France,35,16/08/2016,7569
34,35,Dewitt,Borger,Male,United States,36,21/05/2015,8514
35,36,Nena,Hacker,Female,United States,29,15/10/2017,8563
36,37,Kelsie,Wachtel,Female,France,27,16/08/2016,8642
37,38,Sau,Pfau,Female,United States,25,21/05/2015,9536
38,39,Shanice,Mccrystal,Female,United States,36,21/05/2015,2567
39,40,Chase,Karner,Male,United States,37,15/10/2017,2154
40,41,Tommie,Underdahl,Male,United States,26,16/08/2016,3265
41,42,Dorcas,Darity,Female,United States,37,21/05/2015,8765
42,43,Angel,Sanor,Male,France,24,15/10/2017,3259
43,44,Willodean,Harn,Female,United States,39,16/08/2016,3567
44,45,Weston,Martina,Male,United States,26,21/05/2015,6540
45,46,Roma,Lafollette,Female,United States,34,15/10/2017,2654
46,47,Felisa,Cail,Female,United States,28,16/08/2016,6525
47,48,Demetria,Abbey,Female,United States,32,21/05/2015,3265
48,49,Jeromy,Danz,Male,United States,39,15/10/2017,3265
49,50,Rasheeda,Alkire,Female,United States,29,16/08/2016,6125
50,51,Dulce,Abril,Female,United States,32,15/10/2017,1562
51,52,Mara,Hashimoto,Female,Great Britain,25,16/08/2016,1582
52,53,Philip,Gent,Male,France,36,21/05/2015,2587
53,54,Kathleen,Hanner,Female,United States,25,15/10/2017,3549
54,55,Nereida,Magwood,Female,United States,58,16/08/2016,2468
55,56,Gaston,Brumm,Male,United States,24,21/05/2015,2554
56,57,Etta,Hurn,Female,Great Britain,56,15/10/2017,3598
57,58,Earlean,Melgar,Female,United States,27,16/08/2016,2456
58,59,Vincenza,Weiland,Female,United States,40,21/05/2015,6548
59,60,Fallon,Winward,Female,Great Britain,28,16/08/2016,5486
60,61,Arcelia,Bouska,Female,Great Britain,39,21/05/2015,1258
61,62,Franklyn,Unknow,Male,France,38,15/10/2017,2579
62,63,Sherron,Ascencio,Female,Great Britain,32,16/08/2016,3256
63,64,Marcel,Zabriskie,Male,Great Britain,26,21/05/2015,2587
64,65,Kina,Hazelton,Female,Great Britain,31,16/08/2016,3259
65,66,Shavonne,Pia,Female,France,24,21/05/2015,1546
66,67,Shavon,Benito,Female,France,39,15/10/2017,3579
67,68,Lauralee,Perrine,Female,Great Britain,28,16/08/2016,6597
68,69,Loreta,Curren,Female,France,26,21/05/2015,9654
69,70,Teresa,Strawn,Female,France,46,21/05/2015,3569
70,71,Belinda,Partain,Female,United States,37,15/10/2017,2564
71,72,Holly,Eudy,Female,United States,52,16/08/2016,8561
72,73,Many,Cuccia,Female,Great Britain,46,21/05/2015,5489
73,74,Libbie,Dalby,Female,France,42,21/05/2015,5489
74,75,Lester,Prothro,Male,France,21,15/10/2017,6574
75,76,Marvel,Hail,Female,Great Britain,28,16/08/2016,5555
76,77,Angelyn,Vong,Female,United States,29,21/05/2015,6125
77,78,Francesca,Beaudreau,Female,France,23,15/10/2017,5412
78,79,Garth,Gangi,Male,United States,41,16/08/2016,3256
79,80,Carla,Trumbull,Female,Great Britain,28,21/05/2015,3264
80,81,Veta,Muntz,Female,Great Britain,37,15/10/2017,4569
81,82,Stasia,Becker,Female,Great Britain,34,16/08/2016,7521
82,83,Jona,Grindle,Female,Great Britain,26,21/05/2015,6458
83,84,Judie,Claywell,Female,France,35,16/08/2016,7569
84,85,Dewitt,Borger,Male,United States,36,21/05/2015,8514
85,86,Nena,Hacker,Female,United States,29,15/10/2017,8563
86,87,Kelsie,Wachtel,Female,France,27,16/08/2016,8642
87,88,Sau,Pfau,Female,United States,25,21/05/2015,9536
88,89,Shanice,Mccrystal,Female,United States,36,21/05/2015,2567
89,90,Chase,Karner,Male,United States,37,15/10/2017,2154
90,91,Tommie,Underdahl,Male,United States,26,16/08/2016,3265
91,92,Dorcas,Darity,Female,United States,37,21/05/2015,8765
92,93,Angel,Sanor,Male,France,24,15/10/2017,3259
93,94,Willodean,Harn,Female,United States,39,16/08/2016,3567
94,95,Weston,Martina,Male,United States,26,21/05/2015,6540
95,96,Roma,Lafollette,Female,United States,34,15/10/2017,2654
96,97,Felisa,Cail,Female,United States,28,16/08/2016,6525
97,98,Demetria,Abbey,Female,United States,32,21/05/2015,3265
98,99,Jeromy,Danz,Male,United States,39,15/10/2017,3265
99,100,Rasheeda,Alkire,Female,United States,29,16/08/2016,6125
100,101,Dulce,Abril,Female,United States,32,15/10/2017,1562
101,102,Mara,Hashimoto,Female,Great Britain,25,16/08/2016,1582
102,103,Philip,Gent,Male,France,36,21/05/2015,2587
103,104,Kathleen,Hanner,Female,United States,25,15/10/2017,3549
104,105,Nereida,Magwood,Female,United States,58,16/08/2016,2468
105,106,Gaston,Brumm,Male,United States,24,21/05/2015,2554
106,107,Etta,Hurn,Female,Great Britain,56,15/10/2017,3598
107,108,Earlean,Melgar,Female,United States,27,16/08/2016,2456
108,109,Vincenza,Weiland,Female,United States,40,21/05/2015,6548
109,110,Fallon,Winward,Female,Great Britain,28,16/08/2016,5486
110,111,Arcelia,Bouska,Female,Great Britain,39,21/05/2015,1258
111,112,Franklyn,Unknow,Male,France,38,15/10/2017,2579
112,113,Sherron,Ascencio,Female,Great Britain,32,16/08/2016,3256
113,114,Marcel,Zabriskie,Male,Great Britain,26,21/05/2015,2587
114,115,Kina,Hazelton,Female,Great Britain,31,16/08/2016,3259
115,116,Shavonne,Pia,Female,France,24,21/05/2015,1546
116,117,Shavon,Benito,Female,France,39,15/10/2017,3579
117,118,Lauralee,Perrine,Female,Great Britain,28,16/08/2016,6597
118,119,Loreta,Curren,Female,France,26,21/05/2015,9654
119,120,Teresa,Strawn,Female,France,46,21/05/2015,3569
120,121,Belinda,Partain,Female,United States,37,15/10/2017,2564
121,122,Holly,Eudy,Female,United States,52,16/08/2016,8561
122,123,Many,Cuccia,Female,Great Britain,46,21/05/2015,5489
123,124,Libbie,Dalby,Female,France,42,21/05/2015,5489
124,125,Lester,Prothro,Male,France,21,15/10/2017,6574
125,126,Marvel,Hail,Female,Great Britain,28,16/08/2016,5555
126,127,Angelyn,Vong,Female,United States,29,21/05/2015,6125
127,128,Francesca,Beaudreau,Female,France,23,15/10/2017,5412
128,129,Garth,Gangi,Male,United States,41,16/08/2016,3256
129,130,Carla,Trumbull,Female,Great Britain,28,21/05/2015,3264
130,131,Veta,Muntz,Female,Great Britain,37,15/10/2017,4569
131,132,Stasia,Becker,Female,Great Britain,34,16/08/2016,7521
132,133,Jona,Grindle,Female,Great Britain,26,21/05/2015,6458
133,134,Judie,Claywell,Female,France,35,16/08/2016,7569
134,135,Dewitt,Borger,Male,United States,36,21/05/2015,8514
135,136,Nena,Hacker,Female,United States,29,15/10/2017,8563
136,137,Kelsie,Wachtel,Female,France,27,16/08/2016,8642
137,138,Sau,Pfau,Female,United States,25,21/05/2015,9536
138,139,Shanice,Mccrystal,Female,United States,36,21/05/2015,2567
139,140,Chase,Karner,Male,United States,37,15/10/2017,2154
140,141,Tommie,Underdahl,Male,United States,26,16/08/2016,3265
141,142,Dorcas,Darity,Female,United States,37,21/05/2015,8765
142,143,Angel,Sanor,Male,France,24,15/10/2017,3259
143,144,Willodean,Harn,Female,United States,39,16/08/2016,3567
144,145,Weston,Martina,Male,United States,26,21/05/2015,6540
145,146,Roma,Lafollette,Female,United States,34,15/10/2017,2654
146,147,Felisa,Cail,Female,United States,28,16/08/2016,6525
147,148,Demetria,Abbey,Female,United States,32,21/05/2015,3265
148,149,Jeromy,Danz,Male,United States,39,15/10/2017,3265
149,150,Rasheeda,Alkire,Female,United States,29,16/08/2016,6125
150,151,Dulce,Abril,Female,United States,32,15/10/2017,1562
151,152,Mara,Hashimoto,Female,Great Britain,25,16/08/2016,1582
152,153,Philip,Gent,Male,France,36,21/05/2015,2587
153,154,Kathleen,Hanner,Female,United States,25,15/10/2017,3549
154,155,Nereida,Magwood,Female,United States,58,16/08/2016,2468
155,156,Gaston,Brumm,Male,United States,24,21/05/2015,2554
156,157,Etta,Hurn,Female,Great Britain,56,15/10/2017,3598
157,158,Earlean,Melgar,Female,United States,27,16/08/2016,2456
158,159,Vincenza,Weiland,Female,United States,40,21/05/2015,6548
159,160,Fallon,Winward,Female,Great Britain,28,16/08/2016,5486
160,161,Arcelia,Bouska,Female,Great Britain,39,21/05/2015,1258
161,162,Franklyn,Unknow,Male,France,38,15/10/2017,2579
162,163,Sherron,Ascencio,Female,Great Britain,32,16/08/2016,3256
163,164,Marcel,Zabriskie,Male,Great Britain,26,21/05/2015,2587
164,165,Kina,Hazelton,Female,Great Britain,31,16/08/2016,3259
165,166,Shavonne,Pia,Female,France,24,21/05/2015,1546
166,167,Shavon,Benito,Female,France,39,15/10/2017,3579
167,168,Lauralee,Perrine,Female,Great Britain,28,16/08/2016,6597
168,169,Loreta,Curren,Female,France,26,21/05/2015,9654
169,170,Teresa,Strawn,Female,France,46,21/05/2015,3569
170,171,Belinda,Partain,Female,United States,37,15/10/2017,2564
171,172,Holly,Eudy,Female,United States,52,16/08/2016,8561
172,173,Many,Cuccia,Female,Great Britain,46,21/05/2015,5489
173,174,Libbie,Dalby,Female,France,42,21/05/2015,5489
174,175,Lester,Prothro,Male,France,21,15/10/2017,6574
175,176,Marvel,Hail,Female,Great Britain,28,16/08/2016,5555
176,177,Angelyn,Vong,Female,United States,29,21/05/2015,6125
177,178,Francesca,Beaudreau,Female,France,23,15/10/2017,5412
178,179,Garth,Gangi,Male,United States,41,16/08/2016,3256
179,180,Carla,Trumbull,Female,Great Britain,28,21/05/2015,3264
180,181,Veta,Muntz,Female,Great Britain,37,15/10/2017,4569
181,182,Stasia,Becker,Female,Great Britain,34,16/08/2016,7521
182,183,Jona,Grindle,Female,Great Britain,26,21/05/2015,6458
183,184,Judie,Claywell,Female,France,35,16/08/2016,7569
184,185,Dewitt,Borger,Male,United States,36,21/05/2015,8514
185,186,Nena,Hacker,Female,United States,29,15/10/2017,8563
186,187,Kelsie,Wachtel,Female,France,27,16/08/2016,8642
187,188,Sau,Pfau,Female,United States,25,21/05/2015,9536
188,189,Shanice,Mccrystal,Female,United States,36,21/05/2015,2567
189,190,Chase,Karner,Male,United States,37,15/10/2017,2154
190,191,Tommie,Underdahl,Male,United States,26,16/08/2016,3265
191,192,Dorcas,Darity,Female,United States,37,21/05/2015,8765
192,193,Angel,Sanor,Male,France,24,15/10/2017,3259
193,194,Willodean,Harn,Female,United States,39,16/08/2016,3567
194,195,Weston,Martina,Male,United States,26,21/05/2015,6540
195,196,Roma,Lafollette,Female,United States,34,15/10/2017,2654
196,197,Felisa,Cail,Female,United States,28,16/08/2016,6525
197,198,Demetria,Abbey,Female,United States,32,21/05/2015,3265
198,199,Jeromy,Danz,Male,United States,39,15/10/2017,3265
199,200,Rasheeda,Alkire,Female,United States,29,16/08/2016,6125
200,201,Dulce,Abril,Female,United States,32,15/10/2017,1562
201,202,Mara,Hashimoto,Female,Great Britain,25,16/08/2016,1582
202,203,Philip,Gent,Male,France,36,21/05/2015,2587
203,204,Kathleen,Hanner,Female,United States,25,15/10/2017,3549
204,205,Nereida,Magwood,Female,United States,58,16/08/2016,2468
205,206,Gaston,Brumm,Male,United States,24,21/05/2015,2554
206,207,Etta,Hurn,Female,Great Britain,56,15/10/2017,3598
207,208,Earlean,Melgar,Female,United States,27,16/08/2016,2456
208,209,Vincenza,Weiland,Female,United States,40,21/05/2015,6548
209,210,Fallon,Winward,Female,Great Britain,28,16/08/2016,5486
210,211,Arcelia,Bouska,Female,Great Britain,39,21/05/2015,1258
211,212,Franklyn,Unknow,Male,France,38,15/10/2017,2579
212,213,Sherron,Ascencio,Female,Great Britain,32,16/08/2016,3256
213,214,Marcel,Zabriskie,Male,Great Britain,26,21/05/2015,2587
214,215,Kina,Hazelton,Female,Great Britain,31,16/08/2016,3259
215,216,Shavonne,Pia,Female,France,24,21/05/2015,1546
216,217,Shavon,Benito,Female,France,39,15/10/2017,3579
217,218,Lauralee,Perrine,Female,Great Britain,28,16/08/2016,6597
218,219,Loreta,Curren,Female,France,26,21/05/2015,9654
219,220,Teresa,Strawn,Female,France,46,21/05/2015,3569
220,221,Belinda,Partain,Female,United States,37,15/10/2017,2564
221,222,Holly,Eudy,Female,United States,52,16/08/2016,8561
222,223,Many,Cuccia,Female,Great Britain,46,21/05/2015,5489
223,224,Libbie,Dalby,Female,France,42,21/05/2015,5489
224,225,Lester,Prothro,Male,France,21,15/10/2017,6574
225,226,Marvel,Hail,Female,Great Britain,28,16/08/2016,5555
226,227,Angelyn,Vong,Female,United States,29,21/05/2015,6125
227,228,Francesca,Beaudreau,Female,France,23,15/10/2017,5412
228,229,Garth,Gangi,Male,United States,41,16/08/2016,3256
229,230,Carla,Trumbull,Female,Great Britain,28,21/05/2015,3264
230,231,Veta,Muntz,Female,Great Britain,37,15/10/2017,4569
231,232,Stasia,Becker,Female,Great Britain,34,16/08/2016,7521
232,233,Jona,Grindle,Female,Great Britain,26,21/05/2015,6458
233,234,Judie,Claywell,Female,France,35,16/08/2016,7569
234,235,Dewitt,Borger,Male,United States,36,21/05/2015,8514
235,236,Nena,Hacker,Female,United States,29,15/10/2017,8563
236,237,Kelsie,Wachtel,Female,France,27,16/08/2016,8642
237,238,Sau,Pfau,Female,United States,25,21/05/2015,9536
238,239,Shanice,Mccrystal,Female,United States,36,21/05/2015,2567
239,240,Chase,Karner,Male,United States,37,15/10/2017,2154
240,241,Tommie,Underdahl,Male,United States,26,16/08/2016,3265
241,242,Dorcas,Darity,Female,United States,37,21/05/2015,8765
242,243,Angel,Sanor,Male,France,24,15/10/2017,3259
243,244,Willodean,Harn,Female,United States,39,16/08/2016,3567
244,245,Weston,Martina,Male,United States,26,21/05/2015,6540
245,246,Roma,Lafollette,Female,United States,34,15/10/2017,2654
246,247,Felisa,Cail,Female,United States,28,16/08/2016,6525
247,248,Demetria,Abbey,Female,United States,32,21/05/2015,3265
248,249,Jeromy,Danz,Male,United States,39,15/10/2017,3265
249,250,Rasheeda,Alkire,Female,United States,29,16/08/2016,6125
250,251,Dulce,Abril,Female,United States,32,15/10/2017,1562
251,252,Mara,Hashimoto,Female,Great Britain,25,16/08/2016,1582
252,253,Philip,Gent,Male,France,36,21/05/2015,2587
253,254,Kathleen,Hanner,Female,United States,25,15/10/2017,3549
254,255,Nereida,Magwood,Female,United States,58,16/08/2016,2468
255,256,Gaston,Brumm,Male,United States,24,21/05/2015,2554
256,257,Etta,Hurn,Female,Great Britain,56,15/10/2017,3598
257,258,Earlean,Melgar,Female,United States,27,16/08/2016,2456
258,259,Vincenza,Weiland,Female,United States,40,21/05/2015,6548
259,260,Fallon,Winward,Female,Great Britain,28,16/08/2016,5486
260,261,Arcelia,Bouska,Female,Great Britain,39,21/05/2015,1258
261,262,Franklyn,Unknow,Male,France,38,15/10/2017,2579
262,263,Sherron,Ascencio,Female,Great Britain,32,16/08/2016,3256
263,264,Marcel,Zabriskie,Male,Great Britain,26,21/05/2015,2587
264,265,Kina,Hazelton,Female,Great Britain,31,16/08/2016,3259
265,266,Shavonne,Pia,Female,France,24,21/05/2015,1546
266,267,Shavon,Benito,Female,France,39,15/10/2017,3579
267,268,Lauralee,Perrine,Female,Great Britain,28,16/08/2016,6597
268,269,Loreta,Curren,Female,France,26,21/05/2015,9654
269,270,Teresa,Strawn,Female,France,46,21/05/2015,3569
270,271,Belinda,Partain,Female,United States,37,15/10/2017,2564
271,272,Holly,Eudy,Female,United States,52,16/08/2016,8561
272,273,Many,Cuccia,Female,Great Britain,46,21/05/2015,5489
273,274,Libbie,Dalby,Female,France,42,21/05/2015,5489
274,275,Lester,Prothro,Male,France,21,15/10/2017,6574
275,276,Marvel,Hail,Female,Great Britain,28,16/08/2016,5555
276,277,Angelyn,Vong,Female,United States,29,21/05/2015,6125
277,278,Francesca,Beaudreau,Female,France,23,15/10/2017,5412
278,279,Garth,Gangi,Male,United States,41,16/08/2016,3256
279,280,Carla,Trumbull,Female,Great Britain,28,21/05/2015,3264
280,281,Veta,Muntz,Female,Great Britain,37,15/10/2017,4569
281,282,Stasia,Becker,Female,Great Britain,34,16/08/2016,7521
282,283,Jona,Grindle,Female,Great Britain,26,21/05/2015,6458
283,284,Judie,Claywell,Female,France,35,16/08/2016,7569
284,285,Dewitt,Borger,Male,United States,36,21/05/2015,8514
285,286,Nena,Hacker,Female,United States,29,15/10/2017,8563
286,287,Kelsie,Wachtel,Female,France,27,16/08/2016,8642
287,288,Sau,Pfau,Female,United States,25,21/05/2015,9536
288,289,Shanice,Mccrystal,Female,United States,36,21/05/2015,2567
289,290,Chase,Karner,Male,United States,37,15/10/2017,2154
290,291,Tommie,Underdahl,Male,United States,26,16/08/2016,3265
291,292,Dorcas,Darity,Female,United States,37,21/05/2015,8765
292,293,Angel,Sanor,Male,France,24,15/10/2017,3259
293,294,Willodean,Harn,Female,United States,39,16/08/2016,3567
294,295,Weston,Martina,Male,United States,26,21/05/2015,6540
295,296,Roma,Lafollette,Female,United States,34,15/10/2017,2654
296,297,Felisa,Cail,Female,United States,28,16/08/2016,6525
297,298,Demetria,Abbey,Female,United States,32,21/05/2015,3265
298,299,Jeromy,Danz,Male,United States,39,15/10/2017,3265
299,300,Rasheeda,Alkire,Female,United States,29,16/08/2016,6125
300,301,Dulce,Abril,Female,United States,32,15/10/2017,1562
301,302,Mara,Hashimoto,Female,Great Britain,25,16/08/2016,1582
302,303,Philip,Gent,Male,France,36,21/05/2015,2587
303,304,Kathleen,Hanner,Female,United States,25,15/10/2017,3549
304,305,Nereida,Magwood,Female,United States,58,16/08/2016,2468
305,306,Gaston,Brumm,Male,United States,24,21/05/2015,2554
306,307,Etta,Hurn,Female,Great Britain,56,15/10/2017,3598
307,308,Earlean,Melgar,Female,United States,27,16/08/2016,2456
308,309,Vincenza,Weiland,Female,United States,40,21/05/2015,6548
309,310,Fallon,Winward,Female,Great Britain,28,16/08/2016,5486
310,311,Arcelia,Bouska,Female,Great Britain,39,21/05/2015,1258
311,312,Franklyn,Unknow,Male,France,38,15/10/2017,2579
312,313,Sherron,Ascencio,Female,Great Britain,32,16/08/2016,3256
313,314,Marcel,Zabriskie,Male,Great Britain,26,21/05/2015,2587
314,315,Kina,Hazelton,Female,Great Britain,31,16/08/2016,3259
315,316,Shavonne,Pia,Female,France,24,21/05/2015,1546
316,317,Shavon,Benito,Female,France,39,15/10/2017,3579
317,318,Lauralee,Perrine,Female,Great Britain,28,16/08/2016,6597
318,319,Loreta,Curren,Female,France,26,21/05/2015,9654
319,320,Teresa,Strawn,Female,France,46,21/05/2015,3569
320,321,Belinda,Partain,Female,United States,37,15/10/2017,2564
321,322,Holly,Eudy,Female,United States,52,16/08/2016,8561
322,323,Many,Cuccia,Female,Great Britain,46,21/05/2015,5489
323,324,Libbie,Dalby,Female,France,42,21/05/2015,5489
324,325,Lester,Prothro,Male,France,21,15/10/2017,6574
325,326,Marvel,Hail,Female,Great Britain,28,16/08/2016,5555
326,327,Angelyn,Vong,Female,United States,29,21/05/2015,6125
327,328,Francesca,Beaudreau,Female,France,23,15/10/2017,5412
328,329,Garth,Gangi,Male,United States,41,16/08/2016,3256
329,330,Carla,Trumbull,Female,Great Britain,28,21/05/2015,3264
330,331,Veta,Muntz,Female,Great Britain,37,15/10/2017,4569
331,332,Stasia,Becker,Female,Great Britain,34,16/08/2016,7521
332,333,Jona,Grindle,Female,Great Britain,26,21/05/2015,6458
333,334,Judie,Claywell,Female,France,35,16/08/2016,7569
334,335,Dewitt,Borger,Male,United States,36,21/05/2015,8514
335,336,Nena,Hacker,Female,United States,29,15/10/2017,8563
336,337,Kelsie,Wachtel,Female,France,27,16/08/2016,8642
337,338,Sau,Pfau,Female,United States,25,21/05/2015,9536
338,339,Shanice,Mccrystal,Female,United States,36,21/05/2015,2567
339,340,Chase,Karner,Male,United States,37,15/10/2017,2154
340,341,Tommie,Underdahl,Male,United States,26,16/08/2016,3265
341,342,Dorcas,Darity,Female,United States,37,21/05/2015,8765
342,343,Angel,Sanor,Male,France,24,15/10/2017,3259
343,344,Willodean,Harn,Female,United States,39,16/08/2016,3567
344,345,Weston,Martina,Male,United States,26,21/05/2015,6540
345,346,Roma,Lafollette,Female,United States,34,15/10/2017,2654
346,347,Felisa,Cail,Female,United States,28,16/08/2016,6525
347,348,Demetria,Abbey,Female,United States,32,21/05/2015,3265
348,349,Jeromy,Danz,Male,United States,39,15/10/2017,3265
349,350,Rasheeda,Alkire,Female,United States,29,16/08/2016,6125
350,351,Dulce,Abril,Female,United States,32,15/10/2017,1562
351,352,Mara,Hashimoto,Female,Great Britain,25,16/08/2016,1582
352,353,Philip,Gent,Male,France,36,21/05/2015,2587
353,354,Kathleen,Hanner,Female,United States,25,15/10/2017,3549
354,355,Nereida,Magwood,Female,United States,58,16/08/2016,2468
355,356,Gaston,Brumm,Male,United States,24,21/05/2015,2554
356,357,Etta,Hurn,Female,Great Britain,56,15/10/2017,3598
357,358,Earlean,Melgar,Female,United States,27,16/08/2016,2456
358,359,Vincenza,Weiland,Female,United States,40,21/05/2015,6548
359,360,Fallon,Winward,Female,Great Britain,28,16/08/2016,5486
360,361,Arcelia,Bouska,Female,Great Britain,39,21/05/2015,1258
361,362,Franklyn,Unknow,Male,France,38,15/10/2017,2579
362,363,Sherron,Ascencio,Female,Great Britain,32,16/08/2016,3256
363,364,Marcel,Zabriskie,Male,Great Britain,26,21/05/2015,2587
364,365,Kina,Hazelton,Female,Great Britain,31,16/08/2016,3259
365,366,Shavonne,Pia,Female,France,24,21/05/2015,1546
366,367,Shavon,Benito,Female,France,39,15/10/2017,3579
367,368,Lauralee,Perrine,Female,Great Britain,28,16/08/2016,6597
368,369,Loreta,Curren,Female,France,26,21/05/2015,9654
369,370,Teresa,Strawn,Female,France,46,21/05/2015,3569
370,371,Belinda,Partain,Female,United States,37,15/10/2017,2564
371,372,Holly,Eudy,Female,United States,52,16/08/2016,8561
372,373,Many,Cuccia,Female,Great Britain,46,21/05/2015,5489
373,374,Libbie,Dalby,Female,France,42,21/05/2015,5489
374,375,Lester,Prothro,Male,France,21,15/10/2017,6574
375,376,Marvel,Hail,Female,Great Britain,28,16/08/2016,5555
376,377,Angelyn,Vong,Female,United States,29,21/05/2015,6125
377,378,Francesca,Beaudreau,Female,France,23,15/10/2017,5412
378,379,Garth,Gangi,Male,United States,41,16/08/2016,3256
379,380,Carla,Trumbull,Female,Great Britain,28,21/05/2015,3264
380,381,Veta,Muntz,Female,Great Britain,37,15/10/2017,4569
381,382,Stasia,Becker,Female,Great Britain,34,16/08/2016,7521
382,383,Jona,Grindle,Female,Great Britain,26,21/05/2015,6458
383,384,Judie,Claywell,Female,France,35,16/08/2016,7569
384,385,Dewitt,Borger,Male,United States,36,21/05/2015,8514
385,386,Nena,Hacker,Female,United States,29,15/10/2017,8563
386,387,Kelsie,Wachtel,Female,France,27,16/08/2016,8642
387,388,Sau,Pfau,Female,United States,25,21/05/2015,9536
388,389,Shanice,Mccrystal,Female,United States,36,21/05/2015,2567
389,390,Chase,Karner,Male,United States,37,15/10/2017,2154
390,391,Tommie,Underdahl,Male,United States,26,16/08/2016,3265
391,392,Dorcas,Darity,Female,United States,37,21/05/2015,8765
392,393,Angel,Sanor,Male,France,24,15/10/2017,3259
393,394,Willodean,Harn,Female,United States,39,16/08/2016,3567
394,395,Weston,Martina,Male,United States,26,21/05/2015,6540
395,396,Roma,Lafollette,Female,United States,34,15/10/2017,2654
396,397,Felisa,Cail,Female,United States,28,16/08/2016,6525
397,398,Demetria,Abbey,Female,United States,32,21/05/2015,3265
398,399,Jeromy,Danz,Male,United States,39,15/10/2017,3265
399,400,Rasheeda,Alkire,Female,United States,29,16/08/2016,6125
400,401,Dulce,Abril,Female,United States,32,15/10/2017,1562
401,402,Mara,Hashimoto,Female,Great Britain,25,16/08/2016,1582
402,403,Philip,Gent,Male,France,36,21/05/2015,2587
403,404,Kathleen,Hanner,Female,United States,25,15/10/2017,3549
404,405,Nereida,Magwood,Female,United States,58,16/08/2016,2468
405,406,Gaston,Brumm,Male,United States,24,21/05/2015,2554
406,407,Etta,Hurn,Female,Great Britain,56,15/10/2017,3598
407,408,Earlean,Melgar,Female,United States,27,16/08/2016,2456
408,409,Vincenza,Weiland,Female,United States,40,21/05/2015,6548
409,410,Fallon,Winward,Female,Great Britain,28,16/08/2016,5486
410,411,Arcelia,Bouska,Female,Great Britain,39,21/05/2015,1258
411,412,Franklyn,Unknow,Male,France,38,15/10/2017,2579
412,413,Sherron,Ascencio,Female,Great Britain,32,16/08/2016,3256
413,414,Marcel,Zabriskie,Male,Great Britain,26,21/05/2015,2587
414,415,Kina,Hazelton,Female,Great Britain,31,16/08/2016,3259
415,416,Shavonne,Pia,Female,France,24,21/05/2015,1546
416,417,Shavon,Benito,Female,France,39,15/10/2017,3579
417,418,Lauralee,Perrine,Female,Great Britain,28,16/08/2016,6597
418,419,Loreta,Curren,Female,France,26,21/05/2015,9654
419,420,Teresa,Strawn,Female,France,46,21/05/2015,3569
420,421,Belinda,Partain,Female,United States,37,15/10/2017,2564
421,422,Holly,Eudy,Female,United States,52,16/08/2016,8561
422,423,Many,Cuccia,Female,Great Britain,46,21/05/2015,5489
423,424,Libbie,Dalby,Female,France,42,21/05/2015,5489
424,425,Lester,Prothro,Male,France,21,15/10/2017,6574
425,426,Marvel,Hail,Female,Great Britain,28,16/08/2016,5555
426,427,Angelyn,Vong,Female,United States,29,21/05/2015,6125
427,428,Francesca,Beaudreau,Female,France,23,15/10/2017,5412
428,429,Garth,Gangi,Male,United States,41,16/08/2016,3256
429,430,Carla,Trumbull,Female,Great Britain,28,21/05/2015,3264
430,431,Veta,Muntz,Female,Great Britain,37,15/10/2017,4569
431,432,Stasia,Becker,Female,Great Britain,34,16/08/2016,7521
432,433,Jona,Grindle,Female,Great Britain,26,21/05/2015,6458
433,434,Judie,Claywell,Female,France,35,16/08/2016,7569
434,435,Dewitt,Borger,Male,United States,36,21/05/2015,8514
435,436,Nena,Hacker,Female,United States,29,15/10/2017,8563
436,437,Kelsie,Wachtel,Female,France,27,16/08/2016,8642
437,438,Sau,Pfau,Female,United States,25,21/05/2015,9536
438,439,Shanice,Mccrystal,Female,United States,36,21/05/2015,2567
439,440,Chase,Karner,Male,United States,37,15/10/2017,2154
440,441,Tommie,Underdahl,Male,United States,26,16/08/2016,3265
441,442,Dorcas,Darity,Female,United States,37,21/05/2015,8765
442,443,Angel,Sanor,Male,France,24,15/10/2017,3259
443,444,Willodean,Harn,Female,United States,39,16/08/2016,3567
444,445,Weston,Martina,Male,United States,26,21/05/2015,6540
445,446,Roma,Lafollette,Female,United States,34,15/10/2017,2654
446,447,Felisa,Cail,Female,United States,28,16/08/2016,6525
447,448,Demetria,Abbey,Female,United States,32,21/05/2015,3265
448,449,Jeromy,Danz,Male,United States,39,15/10/2017,3265
449,450,Rasheeda,Alkire,Female,United States,29,16/08/2016,6125
450,451,Dulce,Abril,Female,United States,32,15/10/2017,1562
451,452,Mara,Hashimoto,Female,Great Britain,25,16/08/2016,1582
452,453,Philip,Gent,Male,France,36,21/05/2015,2587
453,454,Kathleen,Hanner,Female,United States,25,15/10/2017,3549
454,455,Nereida,Magwood,Female,United States,58,16/08/2016,2468
455,456,Gaston,Brumm,Male,United States,24,21/05/2015,2554
456,457,Etta,Hurn,Female,Great Britain,56,15/10/2017,3598
457,458,Earlean,Melgar,Female,United States,27,16/08/2016,2456
458,459,Vincenza,Weiland,Female,United States,40,21/05/2015,6548
459,460,Fallon,Winward,Female,Great Britain,28,16/08/2016,5486
460,461,Arcelia,Bouska,Female,Great Britain,39,21/05/2015,1258
461,462,Franklyn,Unknow,Male,France,38,15/10/2017,2579
462,463,Sherron,Ascencio,Female,Great Britain,32,16/08/2016,3256
463,464,Marcel,Zabriskie,Male,Great Britain,26,21/05/2015,2587
464,465,Kina,Hazelton,Female,Great Britain,31,16/08/2016,3259
465,466,Shavonne,Pia,Female,France,24,21/05/2015,1546
466,467,Shavon,Benito,Female,France,39,15/10/2017,3579
467,468,Lauralee,Perrine,Female,Great Britain,28,16/08/2016,6597
468,469,Loreta,Curren,Female,France,26,21/05/2015,9654
469,470,Teresa,Strawn,Female,France,46,21/05/2015,3569
470,471,Belinda,Partain,Female,United States,37,15/10/2017,2564
471,472,Holly,Eudy,Female,United States,52,16/08/2016,8561
472,473,Many,Cuccia,Female,Great Britain,46,21/05/2015,5489
473,474,Libbie,Dalby,Female,France,42,21/05/2015,5489
474,475,Lester,Prothro,Male,France,21,15/10/2017,6574
475,476,Marvel,Hail,Female,Great Britain,28,16/08/2016,5555
476,477,Angelyn,Vong,Female,United States,29,21/05/2015,6125
477,478,Francesca,Beaudreau,Female,France,23,15/10/2017,5412
478,479,Garth,Gangi,Male,United States,41,16/08/2016,3256
479,480,Carla,Trumbull,Female,Great Britain,28,21/05/2015,3264
480,481,Veta,Muntz,Female,Great Britain,37,15/10/2017,4569
481,482,Stasia,Becker,Female,Great Britain,34,16/08/2016,7521
482,483,Jona,Grindle,Female,Great Britain,26,21/05/2015,6458
483,484,Judie,Claywell,Female,France,35,16/08/2016,7569
484,485,Dewitt,Borger,Male,United States,36,21/05/2015,8514
485,486,Nena,Hacker,Female,United States,29,15/10/2017,8563
486,487,Kelsie,Wachtel,Female,France,27,16/08/2016,8642
487,488,Sau,Pfau,Female,United States,25,21/05/2015,9536
488,489,Shanice,Mccrystal,Female,United States,36,21/05/2015,2567
489,490,Chase,Karner,Male,United States,37,15/10/2017,2154
490,491,Tommie,Underdahl,Male,United States,26,16/08/2016,3265
491,492,Dorcas,Darity,Female,United States,37,21/05/2015,8765
492,493,Angel,Sanor,Male,France,24,15/10/2017,3259
493,494,Willodean,Harn,Female,United States,39,16/08/2016,3567
494,495,Weston,Martina,Male,United States,26,21/05/2015,6540
495,496,Roma,Lafollette,Female,United States,34,15/10/2017,2654
496,497,Felisa,Cail,Female,United States,28,16/08/2016,6525
497,498,Demetria,Abbey,Female,United States,32,21/05/2015,3265
498,499,Jeromy,Danz,Male,United States,39,15/10/2017,3265
499,500,Rasheeda,Alkire,Female,United States,29,16/08/2016,6125
500,501,Dulce,Abril,Female,United States,32,15/10/2017,1562
501,502,Mara,Hashimoto,Female,Great Britain,25,16/08/2016,1582
502,503,Philip,Gent,Male,France,36,21/05/2015,2587
503,504,Kathleen,Hanner,Female,United States,25,15/10/2017,3549
504,505,Nereida,Magwood,Female,United States,58,16/08/2016,2468
505,506,Gaston,Brumm,Male,United States,24,21/05/2015,2554
506,507,Etta,Hurn,Female,Great Britain,56,15/10/2017,3598
507,508,Earlean,Melgar,Female,United States,27,16/08/2016,2456
508,509,Vincenza,Weiland,Female,United States,40,21/05/2015,6548
509,510,Fallon,Winward,Female,Great Britain,28,16/08/2016,5486
510,511,Arcelia,Bouska,Female,Great Britain,39,21/05/2015,1258
511,512,Franklyn,Unknow,Male,France,38,15/10/2017,2579
512,513,Sherron,Ascencio,Female,Great Britain,32,16/08/2016,3256
513,514,Marcel,Zabriskie,Male,Great Britain,26,21/05/2015,2587
514,515,Kina,Hazelton,Female,Great Britain,31,16/08/2016,3259
515,516,Shavonne,Pia,Female,France,24,21/05/2015,1546
516,517,Shavon,Benito,Female,France,39,15/10/2017,3579
517,518,Lauralee,Perrine,Female,Great Britain,28,16/08/2016,6597
518,519,Loreta,Curren,Female,France,26,21/05/2015,9654
519,520,Teresa,Strawn,Female,France,46,21/05/2015,3569
520,521,Belinda,Partain,Female,United States,37,15/10/2017,2564
521,522,Holly,Eudy,Female,United States,52,16/08/2016,8561
522,523,Many,Cuccia,Female,Great Britain,46,21/05/2015,5489
523,524,Libbie,Dalby,Female,France,42,21/05/2015,5489
524,525,Lester,Prothro,Male,France,21,15/10/2017,6574
525,526,Marvel,Hail,Female,Great Britain,28,16/08/2016,5555
526,527,Angelyn,Vong,Female,United States,29,21/05/2015,6125
527,528,Francesca,Beaudreau,Female,France,23,15/10/2017,5412
528,529,Garth,Gangi,Male,United States,41,16/08/2016,3256
529,530,Carla,Trumbull,Female,Great Britain,28,21/05/2015,3264
530,531,Veta,Muntz,Female,Great Britain,37,15/10/2017,4569
531,532,Stasia,Becker,Female,Great Britain,34,16/08/2016,7521
532,533,Jona,Grindle,Female,Great Britain,26,21/05/2015,6458
533,534,Judie,Claywell,Female,France,35,16/08/2016,7569
534,535,Dewitt,Borger,Male,United States,36,21/05/2015,8514
535,536,Nena,Hacker,Female,United States,29,15/10/2017,8563
536,537,Kelsie,Wachtel,Female,France,27,16/08/2016,8642
537,538,Sau,Pfau,Female,United States,25,21/05/2015,9536
538,539,Shanice,Mccrystal,Female,United States,36,21/05/2015,2567
539,540,Chase,Karner,Male,United States,37,15/10/2017,2154
540,541,Tommie,Underdahl,Male,United States,26,16/08/2016,3265
541,542,Dorcas,Darity,Female,United States,37,21/05/2015,8765
542,543,Angel,Sanor,Male,France,24,15/10/2017,3259
543,544,Willodean,Harn,Female,United States,39,16/08/2016,3567
544,545,Weston,Martina,Male,United States,26,21/05/2015,6540
545,546,Roma,Lafollette,Female,United States,34,15/10/2017,2654
546,547,Felisa,Cail,Female,United States,28,16/08/2016,6525
547,548,Demetria,Abbey,Female,United States,32,21/05/2015,3265
548,549,Jeromy,Danz,Male,United States,39,15/10/2017,3265
549,550,Rasheeda,Alkire,Female,United States,29,16/08/2016,6125
550,551,Dulce,Abril,Female,United States,32,15/10/2017,1562
551,552,Mara,Hashimoto,Female,Great Britain,25,16/08/2016,1582
552,553,Philip,Gent,Male,France,36,21/05/2015,2587
553,554,Kathleen,Hanner,Female,United States,25,15/10/2017,3549
554,555,Nereida,Magwood,Female,United States,58,16/08/2016,2468
555,556,Gaston,Brumm,Male,United States,24,21/05/2015,2554
556,557,Etta,Hurn,Female,Great Britain,56,15/10/2017,3598
557,558,Earlean,Melgar,Female,United States,27,16/08/2016,2456
558,559,Vincenza,Weiland,Female,United States,40,21/05/2015,6548
559,560,Fallon,Winward,Female,Great Britain,28,16/08/2016,5486
560,561,Arcelia,Bouska,Female,Great Britain,39,21/05/2015,1258
561,562,Franklyn,Unknow,Male,France,38,15/10/2017,2579
562,563,Sherron,Ascencio,Female,Great Britain,32,16/08/2016,3256
563,564,Marcel,Zabriskie,Male,Great Britain,26,21/05/2015,2587
564,565,Kina,Hazelton,Female,Great Britain,31,16/08/2016,3259
565,566,Shavonne,Pia,Female,France,24,21/05/2015,1546
566,567,Shavon,Benito,Female,France,39,15/10/2017,3579
567,568,Lauralee,Perrine,Female,Great Britain,28,16/08/2016,6597
568,569,Loreta,Curren,Female,France,26,21/05/2015,9654
569,570,Teresa,Strawn,Female,France,46,21/05/2015,3569
570,571,Belinda,Partain,Female,United States,37,15/10/2017,2564
571,572,Holly,Eudy,Female,United States,52,16/08/2016,8561
572,573,Many,Cuccia,Female,Great Britain,46,21/05/2015,5489
573,574,Libbie,Dalby,Female,France,42,21/05/2015,5489
574,575,Lester,Prothro,Male,France,21,15/10/2017,6574
575,576,Marvel,Hail,Female,Great Britain,28,16/08/2016,5555
576,577,Angelyn,Vong,Female,United States,29,21/05/2015,6125
577,578,Francesca,Beaudreau,Female,France,23,15/10/2017,5412
578,579,Garth,Gangi,Male,United States,41,16/08/2016,3256
579,580,Carla,Trumbull,Female,Great Britain,28,21/05/2015,3264
580,581,Veta,Muntz,Female,Great Britain,37,15/10/2017,4569
581,582,Stasia,Becker,Female,Great Britain,34,16/08/2016,7521
582,583,Jona,Grindle,Female,Great Britain,26,21/05/2015,6458
583,584,Judie,Claywell,Female,France,35,16/08/2016,7569
584,585,Dewitt,Borger,Male,United States,36,21/05/2015,8514
585,586,Nena,Hacker,Female,United States,29,15/10/2017,8563
586,587,Kelsie,Wachtel,Female,France,27,16/08/2016,8642
587,588,Sau,Pfau,Female,United States,25,21/05/2015,9536
588,589,Shanice,Mccrystal,Female,United States,36,21/05/2015,2567
589,590,Chase,Karner,Male,United States,37,15/10/2017,2154
590,591,Tommie,Underdahl,Male,United States,26,16/08/2016,3265
591,592,Dorcas,Darity,Female,United States,37,21/05/2015,8765
592,593,Angel,Sanor,Male,France,24,15/10/2017,3259
593,594,Willodean,Harn,Female,United States,39,16/08/2016,3567
594,595,Weston,Martina,Male,United States,26,21/05/2015,6540
595,596,Roma,Lafollette,Female,United States,34,15/10/2017,2654
596,597,Felisa,Cail,Female,United States,28,16/08/2016,6525
597,598,Demetria,Abbey,Female,United States,32,21/05/2015,3265
598,599,Jeromy,Danz,Male,United States,39,15/10/2017,3265
599,600,Rasheeda,Alkire,Female,United States,29,16/08/2016,6125
600,601,Dulce,Abril,Female,United States,32,15/10/2017,1562
601,602,Mara,Hashimoto,Female,Great Britain,25,16/08/2016,1582
602,603,Philip,Gent,Male,France,36,21/05/2015,2587
603,604,Kathleen,Hanner,Female,United States,25,15/10/2017,3549
604,605,Nereida,Magwood,Female,United States,58,16/08/2016,2468
605,606,Gaston,Brumm,Male,United States,24,21/05/2015,2554
606,607,Etta,Hurn,Female,Great Britain,56,15/10/2017,3598
607,608,Earlean,Melgar,Female,United States,27,16/08/2016,2456
608,609,Vincenza,Weiland,Female,United States,40,21/05/2015,6548
609,610,Fallon,Winward,Female,Great Britain,28,16/08/2016,5486
610,611,Arcelia,Bouska,Female,Great Britain,39,21/05/2015,1258
611,612,Franklyn,Unknow,Male,France,38,15/10/2017,2579
612,613,Sherron,Ascencio,Female,Great Britain,32,16/08/2016,3256
613,614,Marcel,Zabriskie,Male,Great Britain,26,21/05/2015,2587
614,615,Kina,Hazelton,Female,Great Britain,31,16/08/2016,3259
615,616,Shavonne,Pia,Female,France,24,21/05/2015,1546
616,617,Shavon,Benito,Female,France,39,15/10/2017,3579
617,618,Lauralee,Perrine,Female,Great Britain,28,16/08/2016,6597
618,619,Loreta,Curren,Female,France,26,21/05/2015,9654
619,620,Teresa,Strawn,Female,France,46,21/05/2015,3569
620,621,Belinda,Partain,Female,United States,37,15/10/2017,2564
621,622,Holly,Eudy,Female,United States,52,16/08/2016,8561
622,623,Many,Cuccia,Female,Great Britain,46,21/05/2015,5489
623,624,Libbie,Dalby,Female,France,42,21/05/2015,5489
624,625,Lester,Prothro,Male,France,21,15/10/2017,6574
625,626,Marvel,Hail,Female,Great Britain,28,16/08/2016,5555
626,627,Angelyn,Vong,Female,United States,29,21/05/2015,6125
627,628,Francesca,Beaudreau,Female,France,23,15/10/2017,5412
628,629,Garth,Gangi,Male,United States,41,16/08/2016,3256
629,630,Carla,Trumbull,Female,Great Britain,28,21/05/2015,3264
630,631,Veta,Muntz,Female,Great Britain,37,15/10/2017,4569
631,632,Stasia,Becker,Female,Great Britain,34,16/08/2016,7521
632,633,Jona,Grindle,Female,Great Britain,26,21/05/2015,6458
633,634,Judie,Claywell,Female,France,35,16/08/2016,7569
634,635,Dewitt,Borger,Male,United States,36,21/05/2015,8514
635,636,Nena,Hacker,Female,United States,29,15/10/2017,8563
636,637,Kelsie,Wachtel,Female,France,27,16/08/2016,8642
637,638,Sau,Pfau,Female,United States,25,21/05/2015,9536
638,639,Shanice,Mccrystal,Female,United States,36,21/05/2015,2567
639,640,Chase,Karner,Male,United States,37,15/10/2017,2154
640,641,Tommie,Underdahl,Male,United States,26,16/08/2016,3265
641,642,Dorcas,Darity,Female,United States,37,21/05/2015,8765
642,643,Angel,Sanor,Male,France,24,15/10/2017,3259
643,644,Willodean,Harn,Female,United States,39,16/08/2016,3567
644,645,Weston,Martina,Male,United States,26,21/05/2015,6540
645,646,Roma,Lafollette,Female,United States,34,15/10/2017,2654
646,647,Felisa,Cail,Female,United States,28,16/08/2016,6525
647,648,Demetria,Abbey,Female,United States,32,21/05/2015,3265
648,649,Jeromy,Danz,Male,United States,39,15/10/2017,3265
649,650,Rasheeda,Alkire,Female,United States,29,16/08/2016,6125
650,651,Dulce,Abril,Female,United States,32,15/10/2017,1562
651,652,Mara,Hashimoto,Female,Great Britain,25,16/08/2016,1582
652,653,Philip,Gent,Male,France,36,21/05/2015,2587
653,654,Kathleen,Hanner,Female,United States,25,15/10/2017,3549
654,655,Nereida,Magwood,Female,United States,58,16/08/2016,2468
655,656,Gaston,Brumm,Male,United States,24,21/05/2015,2554
656,657,Etta,Hurn,Female,Great Britain,56,15/10/2017,3598
657,658,Earlean,Melgar,Female,United States,27,16/08/2016,2456
658,659,Vincenza,Weiland,Female,United States,40,21/05/2015,6548
659,660,Fallon,Winward,Female,Great Britain,28,16/08/2016,5486
660,661,Arcelia,Bouska,Female,Great Britain,39,21/05/2015,1258
661,662,Franklyn,Unknow,Male,France,38,15/10/2017,2579
662,663,Sherron,Ascencio,Female,Great Britain,32,16/08/2016,3256
663,664,Marcel,Zabriskie,Male,Great Britain,26,21/05/2015,2587
664,665,Kina,Hazelton,Female,Great Britain,31,16/08/2016,3259
665,666,Shavonne,Pia,Female,France,24,21/05/2015,1546
666,667,Shavon,Benito,Female,France,39,15/10/2017,3579
667,668,Lauralee,Perrine,Female,Great Britain,28,16/08/2016,6597
668,669,Loreta,Curren,Female,France,26,21/05/2015,9654
669,670,Teresa,Strawn,Female,France,46,21/05/2015,3569
670,671,Belinda,Partain,Female,United States,37,15/10/2017,2564
671,672,Holly,Eudy,Female,United States,52,16/08/2016,8561
672,673,Many,Cuccia,Female,Great Britain,46,21/05/2015,5489
673,674,Libbie,Dalby,Female,France,42,21/05/2015,5489
674,675,Lester,Prothro,Male,France,21,15/10/2017,6574
675,676,Marvel,Hail,Female,Great Britain,28,16/08/2016,5555
676,677,Angelyn,Vong,Female,United States,29,21/05/2015,6125
677,678,Francesca,Beaudreau,Female,France,23,15/10/2017,5412
678,679,Garth,Gangi,Male,United States,41,16/08/2016,3256
679,680,Carla,Trumbull,Female,Great Britain,28,21/05/2015,3264
680,681,Veta,Muntz,Female,Great Britain,37,15/10/2017,4569
681,682,Stasia,Becker,Female,Great Britain,34,16/08/2016,7521
682,683,Jona,Grindle,Female,Great Britain,26,21/05/2015,6458
683,684,Judie,Claywell,Female,France,35,16/08/2016,7569
684,685,Dewitt,Borger,Male,United States,36,21/05/2015,8514
685,686,Nena,Hacker,Female,United States,29,15/10/2017,8563
686,687,Kelsie,Wachtel,Female,France,27,16/08/2016,8642
687,688,Sau,Pfau,Female,United States,25,21/05/2015,9536
688,689,Shanice,Mccrystal,Female,United States,36,21/05/2015,2567
689,690,Chase,Karner,Male,United States,37,15/10/2017,2154
690,691,Tommie,Underdahl,Male,United States,26,16/08/2016,3265
691,692,Dorcas,Darity,Female,United States,37,21/05/2015,8765
692,693,Angel,Sanor,Male,France,24,15/10/2017,3259
693,694,Willodean,Harn,Female,United States,39,16/08/2016,3567
694,695,Weston,Martina,Male,United States,26,21/05/2015,6540
695,696,Roma,Lafollette,Female,United States,34,15/10/2017,2654
696,697,Felisa,Cail,Female,United States,28,16/08/2016,6525
697,698,Demetria,Abbey,Female,United States,32,21/05/2015,3265
698,699,Jeromy,Danz,Male,United States,39,15/10/2017,3265
699,700,Rasheeda,Alkire,Female,United States,29,16/08/2016,6125
700,701,Dulce,Abril,Female,United States,32,15/10/2017,1562
701,702,Mara,Hashimoto,Female,Great Britain,25,16/08/2016,1582
702,703,Philip,Gent,Male,France,36,21/05/2015,2587
703,704,Kathleen,Hanner,Female,United States,25,15/10/2017,3549
704,705,Nereida,Magwood,Female,United States,58,16/08/2016,2468
705,706,Gaston,Brumm,Male,United States,24,21/05/2015,2554
706,707,Etta,Hurn,Female,Great Britain,56,15/10/2017,3598
707,708,Earlean,Melgar,Female,United States,27,16/08/2016,2456
708,709,Vincenza,Weiland,Female,United States,40,21/05/2015,6548
709,710,Fallon,Winward,Female,Great Britain,28,16/08/2016,5486
710,711,Arcelia,Bouska,Female,Great Britain,39,21/05/2015,1258
711,712,Franklyn,Unknow,Male,France,38,15/10/2017,2579
712,713,Sherron,Ascencio,Female,Great Britain,32,16/08/2016,3256
713,714,Marcel,Zabriskie,Male,Great Britain,26,21/05/2015,2587
714,715,Kina,Hazelton,Female,Great Britain,31,16/08/2016,3259
715,716,Shavonne,Pia,Female,France,24,21/05/2015,1546
716,717,Shavon,Benito,Female,France,39,15/10/2017,3579
717,718,Lauralee,Perrine,Female,Great Britain,28,16/08/2016,6597
718,719,Loreta,Curren,Female,France,26,21/05/2015,9654
719,720,Teresa,Strawn,Female,France,46,21/05/2015,3569
720,721,Belinda,Partain,Female,United States,37,15/10/2017,2564
721,722,Holly,Eudy,Female,United States,52,16/08/2016,8561
722,723,Many,Cuccia,Female,Great Britain,46,21/05/2015,5489
723,724,Libbie,Dalby,Female,France,42,21/05/2015,5489
724,725,Lester,Prothro,Male,France,21,15/10/2017,6574
725,726,Marvel,Hail,Female,Great Britain,28,16/08/2016,5555
726,727,Angelyn,Vong,Female,United States,29,21/05/2015,6125
727,728,Francesca,Beaudreau,Female,France,23,15/10/2017,5412
728,729,Garth,Gangi,Male,United States,41,16/08/2016,3256
729,730,Carla,Trumbull,Female,Great Britain,28,21/05/2015,3264
730,731,Veta,Muntz,Female,Great Britain,37,15/10/2017,4569
731,732,Stasia,Becker,Female,Great Britain,34,16/08/2016,7521
732,733,Jona,Grindle,Female,Great Britain,26,21/05/2015,6458
733,734,Judie,Claywell,Female,France,35,16/08/2016,7569
734,735,Dewitt,Borger,Male,United States,36,21/05/2015,8514
735,736,Nena,Hacker,Female,United States,29,15/10/2017,8563
736,737,Kelsie,Wachtel,Female,France,27,16/08/2016,8642
737,738,Sau,Pfau,Female,United States,25,21/05/2015,9536
738,739,Shanice,Mccrystal,Female,United States,36,21/05/2015,2567
739,740,Chase,Karner,Male,United States,37,15/10/2017,2154
740,741,Tommie,Underdahl,Male,United States,26,16/08/2016,3265
741,742,Dorcas,Darity,Female,United States,37,21/05/2015,8765
742,743,Angel,Sanor,Male,France,24,15/10/2017,3259
743,744,Willodean,Harn,Female,United States,39,16/08/2016,3567
744,745,Weston,Martina,Male,United States,26,21/05/2015,6540
745,746,Roma,Lafollette,Female,United States,34,15/10/2017,2654
746,747,Felisa,Cail,Female,United States,28,16/08/2016,6525
747,748,Demetria,Abbey,Female,United States,32,21/05/2015,3265
748,749,Jeromy,Danz,Male,United States,39,15/10/2017,3265
749,750,Rasheeda,Alkire,Female,United States,29,16/08/2016,6125
750,751,Dulce,Abril,Female,United States,32,15/10/2017,1562
751,752,Mara,Hashimoto,Female,Great Britain,25,16/08/2016,1582
752,753,Philip,Gent,Male,France,36,21/05/2015,2587
753,754,Kathleen,Hanner,Female,United States,25,15/10/2017,3549
754,755,Nereida,Magwood,Female,United States,58,16/08/2016,2468
755,756,Gaston,Brumm,Male,United States,24,21/05/2015,2554
756,757,Etta,Hurn,Female,Great Britain,56,15/10/2017,3598
757,758,Earlean,Melgar,Female,United States,27,16/08/2016,2456
758,759,Vincenza,Weiland,Female,United States,40,21/05/2015,6548
759,760,Fallon,Winward,Female,Great Britain,28,16/08/2016,5486
760,761,Arcelia,Bouska,Female,Great Britain,39,21/05/2015,1258
761,762,Franklyn,Unknow,Male,France,38,15/10/2017,2579
762,763,Sherron,Ascencio,Female,Great Britain,32,16/08/2016,3256
763,764,Marcel,Zabriskie,Male,Great Britain,26,21/05/2015,2587
764,765,Kina,Hazelton,Female,Great Britain,31,16/08/2016,3259
765,766,Shavonne,Pia,Female,France,24,21/05/2015,1546
766,767,Shavon,Benito,Female,France,39,15/10/2017,3579
767,768,Lauralee,Perrine,Female,Great Britain,28,16/08/2016,6597
768,769,Loreta,Curren,Female,France,26,21/05/2015,9654
769,770,Teresa,Strawn,Female,France,46,21/05/2015,3569
770,771,Belinda,Partain,Female,United States,37,15/10/2017,2564
771,772,Holly,Eudy,Female,United States,52,16/08/2016,8561
772,773,Many,Cuccia,Female,Great Britain,46,21/05/2015,5489
773,774,Libbie,Dalby,Female,France,42,21/05/2015,5489
774,775,Lester,Prothro,Male,France,21,15/10/2017,6574
775,776,Marvel,Hail,Female,Great Britain,28,16/08/2016,5555
776,777,Angelyn,Vong,Female,United States,29,21/05/2015,6125
777,778,Francesca,Beaudreau,Female,France,23,15/10/2017,5412
778,779,Garth,Gangi,Male,United States,41,16/08/2016,3256
779,780,Carla,Trumbull,Female,Great Britain,28,21/05/2015,3264
780,781,Veta,Muntz,Female,Great Britain,37,15/10/2017,4569
781,782,Stasia,Becker,Female,Great Britain,34,16/08/2016,7521
782,783,Jona,Grindle,Female,Great Britain,26,21/05/2015,6458
783,784,Judie,Claywell,Female,France,35,16/08/2016,7569
784,785,Dewitt,Borger,Male,United States,36,21/05/2015,8514
785,786,Nena,Hacker,Female,United States,29,15/10/2017,8563
786,787,Kelsie,Wachtel,Female,France,27,16/08/2016,8642
787,788,Sau,Pfau,Female,United States,25,21/05/2015,9536
788,789,Shanice,Mccrystal,Female,United States,36,21/05/2015,2567
789,790,Chase,Karner,Male,United States,37,15/10/2017,2154
790,791,Tommie,Underdahl,Male,United States,26,16/08/2016,3265
791,792,Dorcas,Darity,Female,United States,37,21/05/2015,8765
792,793,Angel,Sanor,Male,France,24,15/10/2017,3259
793,794,Willodean,Harn,Female,United States,39,16/08/2016,3567
794,795,Weston,Martina,Male,United States,26,21/05/2015,6540
795,796,Roma,Lafollette,Female,United States,34,15/10/2017,2654
796,797,Felisa,Cail,Female,United States,28,16/08/2016,6525
797,798,Demetria,Abbey,Female,United States,32,21/05/2015,3265
798,799,Jeromy,Danz,Male,United States,39,15/10/2017,3265
799,800,Rasheeda,Alkire,Female,United States,29,16/08/2016,6125
800,801,Dulce,Abril,Female,United States,32,15/10/2017,1562
801,802,Mara,Hashimoto,Female,Great Britain,25,16/08/2016,1582
802,803,Philip,Gent,Male,France,36,21/05/2015,2587
803,804,Kathleen,Hanner,Female,United States,25,15/10/2017,3549
804,805,Nereida,Magwood,Female,United States,58,16/08/2016,2468
805,806,Gaston,Brumm,Male,United States,24,21/05/2015,2554
806,807,Etta,Hurn,Female,Great Britain,56,15/10/2017,3598
807,808,Earlean,Melgar,Female,United States,27,16/08/2016,2456
808,809,Vincenza,Weiland,Female,United States,40,21/05/2015,6548
809,810,Fallon,Winward,Female,Great Britain,28,16/08/2016,5486
810,811,Arcelia,Bouska,Female,Great Britain,39,21/05/2015,1258
811,812,Franklyn,Unknow,Male,France,38,15/10/2017,2579
812,813,Sherron,Ascencio,Female,Great Britain,32,16/08/2016,3256
813,814,Marcel,Zabriskie,Male,Great Britain,26,21/05/2015,2587
814,815,Kina,Hazelton,Female,Great Britain,31,16/08/2016,3259
815,816,Shavonne,Pia,Female,France,24,21/05/2015,1546
816,817,Shavon,Benito,Female,France,39,15/10/2017,3579
817,818,Lauralee,Perrine,Female,Great Britain,28,16/08/2016,6597
818,819,Loreta,Curren,Female,France,26,21/05/2015,9654
819,820,Teresa,Strawn,Female,France,46,21/05/2015,3569
820,821,Belinda,Partain,Female,United States,37,15/10/2017,2564
821,822,Holly,Eudy,Female,United States,52,16/08/2016,8561
822,823,Many,Cuccia,Female,Great Britain,46,21/05/2015,5489
823,824,Libbie,Dalby,Female,France,42,21/05/2015,5489
824,825,Lester,Prothro,Male,France,21,15/10/2017,6574
825,826,Marvel,Hail,Female,Great Britain,28,16/08/2016,5555
826,827,Angelyn,Vong,Female,United States,29,21/05/2015,6125
827,828,Francesca,Beaudreau,Female,France,23,15/10/2017,5412
828,829,Garth,Gangi,Male,United States,41,16/08/2016,3256
829,830,Carla,Trumbull,Female,Great Britain,28,21/05/2015,3264
830,831,Veta,Muntz,Female,Great Britain,37,15/10/2017,4569
831,832,Stasia,Becker,Female,Great Britain,34,16/08/2016,7521
832,833,Jona,Grindle,Female,Great Britain,26,21/05/2015,6458
833,834,Judie,Claywell,Female,France,35,16/08/2016,7569
834,835,Dewitt,Borger,Male,United States,36,21/05/2015,8514
835,836,Nena,Hacker,Female,United States,29,15/10/2017,8563
836,837,Kelsie,Wachtel,Female,France,27,16/08/2016,8642
837,838,Sau,Pfau,Female,United States,25,21/05/2015,9536
838,839,Shanice,Mccrystal,Female,United States,36,21/05/2015,2567
839,840,Chase,Karner,Male,United States,37,15/10/2017,2154
840,841,Tommie,Underdahl,Male,United States,26,16/08/2016,3265
841,842,Dorcas,Darity,Female,United States,37,21/05/2015,8765
842,843,Angel,Sanor,Male,France,24,15/10/2017,3259
843,844,Willodean,Harn,Female,United States,39,16/08/2016,3567
844,845,Weston,Martina,Male,United States,26,21/05/2015,6540
845,846,Roma,Lafollette,Female,United States,34,15/10/2017,2654
846,847,Felisa,Cail,Female,United States,28,16/08/2016,6525
847,848,Demetria,Abbey,Female,United States,32,21/05/2015,3265
848,849,Jeromy,Danz,Male,United States,39,15/10/2017,3265
849,850,Rasheeda,Alkire,Female,United States,29,16/08/2016,6125
850,851,Dulce,Abril,Female,United States,32,15/10/2017,1562
851,852,Mara,Hashimoto,Female,Great Britain,25,16/08/2016,1582
852,853,Philip,Gent,Male,France,36,21/05/2015,2587
853,854,Kathleen,Hanner,Female,United States,25,15/10/2017,3549
854,855,Nereida,Magwood,Female,United States,58,16/08/2016,2468
855,856,Gaston,Brumm,Male,United States,24,21/05/2015,2554
856,857,Etta,Hurn,Female,Great Britain,56,15/10/2017,3598
857,858,Earlean,Melgar,Female,United States,27,16/08/2016,2456
858,859,Vincenza,Weiland,Female,United States,40,21/05/2015,6548
859,860,Fallon,Winward,Female,Great Britain,28,16/08/2016,5486
860,861,Arcelia,Bouska,Female,Great Britain,39,21/05/2015,1258
861,862,Franklyn,Unknow,Male,France,38,15/10/2017,2579
862,863,Sherron,Ascencio,Female,Great Britain,32,16/08/2016,3256
863,864,Marcel,Zabriskie,Male,Great Britain,26,21/05/2015,2587
864,865,Kina,Hazelton,Female,Great Britain,31,16/08/2016,3259
865,866,Shavonne,Pia,Female,France,24,21/05/2015,1546
866,867,Shavon,Benito,Female,France,39,15/10/2017,3579
867,868,Lauralee,Perrine,Female,Great Britain,28,16/08/2016,6597
868,869,Loreta,Curren,Female,France,26,21/05/2015,9654
869,870,Teresa,Strawn,Female,France,46,21/05/2015,3569
870,871,Belinda,Partain,Female,United States,37,15/10/2017,2564
871,872,Holly,Eudy,Female,United States,52,16/08/2016,8561
872,873,Many,Cuccia,Female,Great Britain,46,21/05/2015,5489
873,874,Libbie,Dalby,Female,France,42,21/05/2015,5489
874,875,Lester,Prothro,Male,France,21,15/10/2017,6574
875,876,Marvel,Hail,Female,Great Britain,28,16/08/2016,5555
876,877,Angelyn,Vong,Female,United States,29,21/05/2015,6125
877,878,Francesca,Beaudreau,Female,France,23,15/10/2017,5412
878,879,Garth,Gangi,Male,United States,41,16/08/2016,3256
879,880,Carla,Trumbull,Female,Great Britain,28,21/05/2015,3264
880,881,Veta,Muntz,Female,Great Britain,37,15/10/2017,4569
881,882,Stasia,Becker,Female,Great Britain,34,16/08/2016,7521
882,883,Jona,Grindle,Female,Great Britain,26,21/05/2015,6458
883,884,Judie,Claywell,Female,France,35,16/08/2016,7569
884,885,Dewitt,Borger,Male,United States,36,21/05/2015,8514
885,886,Nena,Hacker,Female,United States,29,15/10/2017,8563
886,887,Kelsie,Wachtel,Female,France,27,16/08/2016,8642
887,888,Sau,Pfau,Female,United States,25,21/05/2015,9536
888,889,Shanice,Mccrystal,Female,United States,36,21/05/2015,2567
889,890,Chase,Karner,Male,United States,37,15/10/2017,2154
890,891,Tommie,Underdahl,Male,United States,26,16/08/2016,3265
891,892,Dorcas,Darity,Female,United States,37,21/05/2015,8765
892,893,Angel,Sanor,Male,France,24,15/10/2017,3259
893,894,Willodean,Harn,Female,United States,39,16/08/2016,3567
894,895,Weston,Martina,Male,United States,26,21/05/2015,6540
895,896,Roma,Lafollette,Female,United States,34,15/10/2017,2654
896,897,Felisa,Cail,Female,United States,28,16/08/2016,6525
897,898,Demetria,Abbey,Female,United States,32,21/05/2015,3265
898,899,Jeromy,Danz,Male,United States,39,15/10/2017,3265
899,900,Rasheeda,Alkire,Female,United States,29,16/08/2016,6125
900,901,Dulce,Abril,Female,United States,32,15/10/2017,1562
901,902,Mara,Hashimoto,Female,Great Britain,25,16/08/2016,1582
902,903,Philip,Gent,Male,France,36,21/05/2015,2587
903,904,Kathleen,Hanner,Female,United States,25,15/10/2017,3549
904,905,Nereida,Magwood,Female,United States,58,16/08/2016,2468
905,906,Gaston,Brumm,Male,United States,24,21/05/2015,2554
906,907,Etta,Hurn,Female,Great Britain,56,15/10/2017,3598
907,908,Earlean,Melgar,Female,United States,27,16/08/2016,2456
908,909,Vincenza,Weiland,Female,United States,40,21/05/2015,6548
909,910,Fallon,Winward,Female,Great Britain,28,16/08/2016,5486
910,911,Arcelia,Bouska,Female,Great Britain,39,21/05/2015,1258
911,912,Franklyn,Unknow,Male,France,38,15/10/2017,2579
912,913,Sherron,Ascencio,Female,Great Britain,32,16/08/2016,3256
913,914,Marcel,Zabriskie,Male,Great Britain,26,21/05/2015,2587
914,915,Kina,Hazelton,Female,Great Britain,31,16/08/2016,3259
915,916,Shavonne,Pia,Female,France,24,21/05/2015,1546
916,917,Shavon,Benito,Female,France,39,15/10/2017,3579
917,918,Lauralee,Perrine,Female,Great Britain,28,16/08/2016,6597
918,919,Loreta,Curren,Female,France,26,21/05/2015,9654
919,920,Teresa,Strawn,Female,France,46,21/05/2015,3569
920,921,Belinda,Partain,Female,United States,37,15/10/2017,2564
921,922,Holly,Eudy,Female,United States,52,16/08/2016,8561
922,923,Many,Cuccia,Female,Great Britain,46,21/05/2015,5489
923,924,Libbie,Dalby,Female,France,42,21/05/2015,5489
924,925,Lester,Prothro,Male,France,21,15/10/2017,6574
925,926,Marvel,Hail,Female,Great Britain,28,16/08/2016,5555
926,927,Angelyn,Vong,Female,United States,29,21/05/2015,6125
927,928,Francesca,Beaudreau,Female,France,23,15/10/2017,5412
928,929,Garth,Gangi,Male,United States,41,16/08/2016,3256
929,930,Carla,Trumbull,Female,Great Britain,28,21/05/2015,3264
930,931,Veta,Muntz,Female,Great Britain,37,15/10/2017,4569
931,932,Stasia,Becker,Female,Great Britain,34,16/08/2016,7521
932,933,Jona,Grindle,Female,Great Britain,26,21/05/2015,6458
933,934,Judie,Claywell,Female,France,35,16/08/2016,7569
934,935,Dewitt,Borger,Male,United States,36,21/05/2015,8514
935,936,Nena,Hacker,Female,United States,29,15/10/2017,8563
936,937,Kelsie,Wachtel,Female,France,27,16/08/2016,8642
937,938,Sau,Pfau,Female,United States,25,21/05/2015,9536
938,939,Shanice,Mccrystal,Female,United States,36,21/05/2015,2567
939,940,Chase,Karner,Male,United States,37,15/10/2017,2154
940,941,Tommie,Underdahl,Male,United States,26,16/08/2016,3265
941,942,Dorcas,Darity,Female,United States,37,21/05/2015,8765
942,943,Angel,Sanor,Male,France,24,15/10/2017,3259
943,944,Willodean,Harn,Female,United States,39,16/08/2016,3567
944,945,Weston,Martina,Male,United States,26,21/05/2015,6540
945,946,Roma,Lafollette,Female,United States,34,15/10/2017,2654
946,947,Felisa,Cail,Female,United States,28,16/08/2016,6525
947,948,Demetria,Abbey,Female,United States,32,21/05/2015,3265
948,949,Jeromy,Danz,Male,United States,39,15/10/2017,3265
949,950,Rasheeda,Alkire,Female,United States,29,16/08/2016,6125
950,951,Dulce,Abril,Female,United States,32,15/10/2017,1562
951,952,Mara,Hashimoto,Female,Great Britain,25,16/08/2016,1582
952,953,Philip,Gent,Male,France,36,21/05/2015,2587
953,954,Kathleen,Hanner,Female,United States,25,15/10/2017,3549
954,955,Nereida,Magwood,Female,United States,58,16/08/2016,2468
955,956,Gaston,Brumm,Male,United States,24,21/05/2015,2554
956,957,Etta,Hurn,Female,Great Britain,56,15/10/2017,3598
957,958,Earlean,Melgar,Female,United States,27,16/08/2016,2456
958,959,Vincenza,Weiland,Female,United States,40,21/05/2015,6548
959,960,Fallon,Winward,Female,Great Britain,28,16/08/2016,5486
960,961,Arcelia,Bouska,Female,Great Britain,39,21/05/2015,1258
961,962,Franklyn,Unknow,Male,France,38,15/10/2017,2579
962,963,Sherron,Ascencio,Female,Great Britain,32,16/08/2016,3256
963,964,Marcel,Zabriskie,Male,Great Britain,26,21/05/2015,2587
964,965,Kina,Hazelton,Female,Great Britain,31,16/08/2016,3259
965,966,Shavonne,Pia,Female,France,24,21/05/2015,1546
966,967,Shavon,Benito,Female,France,39,15/10/2017,3579
967,968,Lauralee,Perrine,Female,Great Britain,28,16/08/2016,6597
968,969,Loreta,Curren,Female,France,26,21/05/2015,9654
969,970,Teresa,Strawn,Female,France,46,21/05/2015,3569
970,971,Belinda,Partain,Female,United States,37,15/10/2017,2564
971,972,Holly,Eudy,Female,United States,52,16/08/2016,8561
972,973,Many,Cuccia,Female,Great Britain,46,21/05/2015,5489
973,974,Libbie,Dalby,Female,France,42,21/05/2015,5489
974,975,Lester,Prothro,Male,France,21,15/10/2017,6574
975,976,Marvel,Hail,Female,Great Britain,28,16/08/2016,5555
976,977,Angelyn,Vong,Female,United States,29,21/05/2015,6125
977,978,Francesca,Beaudreau,Female,France,23,15/10/2017,5412
978,979,Garth,Gangi,Male,United States,41,16/08/2016,3256
979,980,Carla,Trumbull,Female,Great Britain,28,21/05/2015,3264
980,981,Veta,Muntz,Female,Great Britain,37,15/10/2017,4569
981,982,Stasia,Becker,Female,Great Britain,34,16/08/2016,7521
982,983,Jona,Grindle,Female,Great Britain,26,21/05/2015,6458
983,984,Judie,Claywell,Female,France,35,16/08/2016,7569
984,985,Dewitt,Borger,Male,United States,36,21/05/2015,8514
985,986,Nena,Hacker,Female,United States,29,15/10/2017,8563
986,987,Kelsie,Wachtel,Female,France,27,16/08/2016,8642
987,988,Sau,Pfau,Female,United States,25,21/05/2015,9536
988,989,Shanice,Mccrystal,Female,United States,36,21/05/2015,2567
989,990,Chase,Karner,Male,United States,37,15/10/2017,2154
990,991,Tommie,Underdahl,Male,United States,26,16/08/2016,3265
991,992,Dorcas,Darity,Female,United States,37,21/05/2015,8765
992,993,Angel,Sanor,Male,France,24,15/10/2017,3259
993,994,Willodean,Harn,Female,United States,39,16/08/2016,3567
994,995,Weston,Martina,Male,United States,26,21/05/2015,6540
995,996,Roma,Lafollette,Female,United States,34,15/10/2017,2654
996,997,Felisa,Cail,Female,United States,28,16/08/2016,6525
997,998,Demetria,Abbey,Female,United States,32,21/05/2015,3265
998,999,Jeromy,Danz,Male,United States,39,15/10/2017,3265
999,1000,Rasheeda,Alkire,Female,United States,29,16/08/2016,6125
